task_id,1
entry_path,332,318
loop_path,318,333,312,316,330
loop_count,5
exit_path,330,331
task_id,2
entry_path,332,318
loop_path,318,333,312,316,330
loop_count,5
exit_path,330,331
task_id,3
entry_path,332,318
loop_path,318,333,312,316,330
loop_count,5
exit_path,330,331
task_id,4
entry_path,332,318
loop_path,318,333,312,316,330
loop_count,5
exit_path,330,331
task_id,5
entry_path,332,318
loop_path,318,333,312,316,330
loop_count,5
exit_path,330,331
task_id,6
entry_path,332,318
loop_path,318,333,312,316,330
loop_count,5
exit_path,330,331
task_id,7
entry_path,332,318
loop_path,318,333,312,316,330
loop_count,5
exit_path,330,331